id,common_name,scientific_name,image_url,created_at,spec_code,genus,species_epithet,max_size_cm,temp_min_c,temp_max_c,aggression_level,swim_zone,fishbase_url,notes,updated_at,category,min_tank_gallons,ph_min,ph_max,care_difficulty,diet
053901ac-67f9-46d2-9bac-74f0c9fa2f71,German Blue Ram,Mikrogeophagus ramirezi,https://eybxazurluxacahrqubm.supabase.co/storage/v1/object/public/species-images/053901ac-67f9-46d2-9bac-74f0c9fa2f71-1777563328858.png,2026-04-29 19:54:17.199+00,,,,7,26,30,peaceful,bottom/middle,,"Stunning dwarf cichlid. Needs warm, pristine water.",2026-04-30 15:35:25.720838+00,fish,20,5.5,7,intermediate,
07e0cd6e-340c-46f1-8a7a-08a89edc7bc8,Bladder Snail,Physella acuta,https://eybxazurluxacahrqubm.supabase.co/storage/v1/object/public/species-images/07e0cd6e-340c-46f1-8a7a-08a89edc7bc8-1777563644329.png,2026-04-29 14:16:27.812021+00,,,,1,15,28,peaceful,bottom,,Tiny hitchhiker snail. Reproduces rapidly. Excellent detritus cleaner. Population self-regulates with food availability. Free cleanup crew!,2026-04-30 15:40:41.139195+00,invertebrate,1,6.5,8.0,beginner,
08209abb-3a69-4db3-973e-4d9f0cb62f4c,Ember Tetra,Hyphessobrycon amandae,https://eybxazurluxacahrqubm.supabase.co/storage/v1/object/public/species-images/08209abb-3a69-4db3-973e-4d9f0cb62f4c-1777564325309.png,2026-04-29 19:54:17.199+00,,,,2,24,28,peaceful,middle,,Tiny vibrant orange fish. Perfect for nano tanks.,2026-04-30 15:52:02.387787+00,fish,10,5,7,beginner,
173cf06a-74f7-40d4-8d4a-219716858309,Opal Umbrella Cichlid,Apistogramma borellii Opal,https://eybxazurluxacahrqubm.supabase.co/storage/v1/object/public/species-images/173cf06a-74f7-40d4-8d4a-219716858309-1777563911005.png,2026-04-29 19:54:17.199+00,,,,7,20,26,semi-aggressive,bottom,,Stunning dwarf cichlid from South America.,2026-04-30 15:45:07.935779+00,fish,15,6,7.5,intermediate,omnivore
1e901411-a584-42b4-bc3f-898a3fc68448,Firemouth Cichlid,Thorichthys meeki,https://eybxazurluxacahrqubm.supabase.co/storage/v1/object/public/species-images/1e901411-a584-42b4-bc3f-898a3fc68448-1777563441725.png,2026-04-29 14:16:27.812021+00,,,,17,23,28,semi-aggressive,middle/bottom,,"Flares bright red throat in territorial displays. Less aggressive than many Central American cichlids. Good ""gateway"" cichlid.",2026-04-30 15:37:18.521833+00,fish,30,6.5,8.0,easy,
2516dfd7-3c32-426a-b80a-ab12f004da13,Rummy Nose Tetra,Hemigrammus rhodostomus,https://eybxazurluxacahrqubm.supabase.co/storage/v1/object/public/species-images/2516dfd7-3c32-426a-b80a-ab12f004da13-1777563937676.png,2026-04-29 19:54:17.199+00,,,,5,24,28,peaceful,middle,,The red nose is a great indicator of water quality.,2026-04-30 15:45:34.437149+00,fish,20,5.5,7,intermediate,omnivore
263d1ca0-8f84-43cc-ae93-a1fcddaeb751,Red-Bellied Pacu,Piaractus brachypomus,https://eybxazurluxacahrqubm.supabase.co/storage/v1/object/public/species-images/263d1ca0-8f84-43cc-ae93-a1fcddaeb751-1777563407313.png,2026-04-29 14:16:27.812021+00,,,,60,24,28,peaceful,middle,,"Often mis-sold as a ""vegetarian piranha."" Gets ENORMOUS — needs a pond-sized setup. Do not impulse buy! Herbivore.",2026-04-30 15:36:44.083557+00,fish,250,6.0,7.5,advanced,
265eb920-e552-42f5-836d-55189b9ae1ff,Java Moss,Taxiphyllum barbieri,https://eybxazurluxacahrqubm.supabase.co/storage/v1/object/public/species-images/265eb920-e552-42f5-836d-55189b9ae1ff-1777563964203.png,2026-04-29 19:54:17.199+00,,,,0,15,30,peaceful,,,Nearly indestructible plant. Great for fry and shrimp.,2026-04-30 15:46:01.057443+00,plant,1,5,8,beginner,
27b735b1-a4ff-46b3-b53a-9ac2d34b09c6,Ludwigia Repens,Ludwigia repens,https://eybxazurluxacahrqubm.supabase.co/storage/v1/object/public/species-images/27b735b1-a4ff-46b3-b53a-9ac2d34b09c6-1777563524310.png,2026-04-29 14:16:27.812021+00,,,,50,20,28,peaceful,,,Red/green stem plant that colors up under strong light. Easy to propagate — just trim and replant tops. Great for color contrast.,2026-04-30 15:38:41.08656+00,plant,10,6.0,8.0,beginner,
2e3570a7-aa31-41d0-b3fd-84f7758c82f4,Tapajos-mudderlaks,Leporinus vanzoi,https://eybxazurluxacahrqubm.supabase.co/storage/v1/object/public/species-images/2e3570a7-aa31-41d0-b3fd-84f7758c82f4-1777564134753.png,2026-04-29 21:23:24.400354+00,64495,Leporinus,vanzoi,15,20,25,,,,Global ID: 64495,2026-04-30 15:48:51.76108+00,fish,,6,7.5,,
2f1e07b7-8f80-40cc-8ecc-7727d3ab8bc0,Convict Cichlid,Amatitlania nigrofasciata,https://eybxazurluxacahrqubm.supabase.co/storage/v1/object/public/species-images/2f1e07b7-8f80-40cc-8ecc-7727d3ab8bc0-1777563899792.png,2026-04-29 19:54:17.199+00,,,,15,20,28,aggressive,bottom,,"Very hardy but highly territorial, especially when breeding.",2026-04-30 15:44:56.560117+00,fish,30,7,8,easy,omnivore
32d104d1-3c30-4faa-8c7c-837287776458,Oscar,Astronotus ocellatus,https://eybxazurluxacahrqubm.supabase.co/storage/v1/object/public/species-images/32d104d1-3c30-4faa-8c7c-837287776458-1777563712744.png,2026-04-29 19:54:17.199+00,,,,35,23,28,aggressive,middle,,Intelligent large cichlid. Dog-like personality.,2026-04-30 15:41:49.764912+00,fish,75,6,8,intermediate,
32e5459c-730a-4732-a2e5-9b007ce9d492,Agassiz,Brochis agassizii,https://eybxazurluxacahrqubm.supabase.co/storage/v1/object/public/species-images/32e5459c-730a-4732-a2e5-9b007ce9d492-1777564253104.png,2026-04-30 03:02:37.280014+00,13109,Brochis,agassizii,5.2,20,25,,,,Global ID: 13109,2026-04-30 15:50:50.14479+00,fish,,6,8,,
33731490-8b8a-43e1-be2b-0810c30d1b75,Tiger Barb,Puntigrus tetrazona,https://eybxazurluxacahrqubm.supabase.co/storage/v1/object/public/species-images/33731490-8b8a-43e1-be2b-0810c30d1b75-1777563832217.png,2026-04-29 19:54:17.199+00,,,,7,23,28,semi-aggressive,middle,,Active and can be nippy. Keep in large groups of 8+.,2026-04-30 15:43:48.999511+00,fish,20,6,7.5,easy,
39d64690-7a6c-42d9-97c3-c81d2763c319,Killifish,Aphyosemion spp.,https://eybxazurluxacahrqubm.supabase.co/storage/v1/object/public/species-images/39d64690-7a6c-42d9-97c3-c81d2763c319-1777563871499.png,2026-04-29 19:54:17.199+00,,,,6,20,26,peaceful,top,,Beautiful patterns. Many are annual species. Jumpers!,2026-04-30 15:44:28.624195+00,fish,5,6,7.5,intermediate,
39fb462c-38bf-417a-b1a8-d5ff215ce544,"red devil  ",Amphilophus labiatus,https://eybxazurluxacahrqubm.supabase.co/storage/v1/object/public/species-images/sync-39fb462c-38bf-417a-b1a8-d5ff215ce544-1777578281657.png,2026-04-30 16:34:07.508692+00,28238,Amphilophus,labiatus,28.3,20,25,,,,Global ID: 28238,2026-04-30 19:44:41.968307+00,fish,,6,7.5,,
3f6f5511-6544-45a6-aaa3-b2e963b769c9,Black Skirt Tetra,Gymnocorymbus ternetzi,https://eybxazurluxacahrqubm.supabase.co/storage/v1/object/public/species-images/3f6f5511-6544-45a6-aaa3-b2e963b769c9-1777564279157.png,2026-04-29 19:54:17.199+00,,,,6,20,26,peaceful,middle,,Hardy and active. Also available as GloFish.,2026-04-30 15:51:15.962013+00,fish,20,6,8,beginner,
4050e22d-07bf-46aa-90d1-5cc74f7a0515,Guppy,Poecilia reticulata,https://eybxazurluxacahrqubm.supabase.co/storage/v1/object/public/species-images/4050e22d-07bf-46aa-90d1-5cc74f7a0515-1777563253260.png,2026-04-29 19:54:17.199+00,,,,5,22,28,peaceful,top/middle,,Prolific livebearers with spectacular male coloration.,2026-04-30 15:34:10.18655+00,fish,10,6.8,7.8,beginner,
41411db1-0679-4e5e-a35f-d13a2ea47ab8,Cherry Shrimp,Neocaridina davidi,https://eybxazurluxacahrqubm.supabase.co/storage/v1/object/public/species-images/41411db1-0679-4e5e-a35f-d13a2ea47ab8-1777563924250.png,2026-04-29 19:54:17.199+00,,,,3,18,28,peaceful,bottom,,Excellent cleaners and very prolific breeders.,2026-04-30 15:45:20.996585+00,invertebrate,5,6.5,8,beginner,omnivore
4757dc0c-33c5-42c6-9428-cb9b32fbae5c,Yoyo / Striata Loach,Botia striata,https://eybxazurluxacahrqubm.supabase.co/storage/v1/object/public/species-images/4757dc0c-33c5-42c6-9428-cb9b32fbae5c-1777563317842.png,2026-04-29 14:16:27.812021+00,,,,10,23,27,peaceful,bottom,,"Attractive striped loach. Active, playful personality. Excellent snail control. Keep in groups of 4+. Needs hiding spots.",2026-04-30 15:35:14.901814+00,fish,30,6.0,7.5,intermediate,
48d01f35-3322-4bcf-84f5-a6918264153a,Mystery Snail,Pomacea bridgesii,https://eybxazurluxacahrqubm.supabase.co/storage/v1/object/public/species-images/48d01f35-3322-4bcf-84f5-a6918264153a-1777563790752.png,2026-04-29 19:54:17.199+00,,,,6,20,28,peaceful,bottom,,"Large, colorful snail with fun personality.",2026-04-30 15:43:07.602611+00,invertebrate,5,7,8,beginner,
4ea435b6-e29c-42e1-9adf-50c92e515775,Panda Corydoras,Corydoras panda,https://eybxazurluxacahrqubm.supabase.co/storage/v1/object/public/species-images/4ea435b6-e29c-42e1-9adf-50c92e515775-1777564336647.png,2026-04-29 19:54:17.199+00,,,,5,22,25,peaceful,bottom,,Cute black and white markings. Prefers cooler water.,2026-04-30 15:52:13.362001+00,fish,15,6,7.5,easy,
4f0b6d97-1835-4284-9733-62617912783a,Silver Arowana,Osteoglossum bicirrhosum,https://eybxazurluxacahrqubm.supabase.co/storage/v1/object/public/species-images/4f0b6d97-1835-4284-9733-62617912783a-1777563419487.png,2026-04-29 14:16:27.812021+00,,,,90,24,30,aggressive,top,,"Massive, prehistoric surface predator. Jumps out of tanks — heavy, tight lid mandatory. Only for expert fishkeepers with enormous setups.",2026-04-30 15:36:56.273837+00,fish,300,6.0,7.0,advanced,
54caf4e6-964a-47e8-bafc-4af1a8ac11b3,"Dwarf Wrymouth  ",Cryptacanthodes aleutensis,https://eybxazurluxacahrqubm.supabase.co/storage/v1/object/public/species-images/sync-54caf4e6-964a-47e8-bafc-4af1a8ac11b3-1777578258767.png,2026-04-30 16:20:27.443464+00,3817,Cryptacanthodes,aleutensis,30,20,25,,,,Global ID: 3817,2026-04-30 19:44:19.111023+00,fish,,6,7.5,,
59965852-0d24-4629-9d30-c520f3779220,Honey Gourami,Trichogaster chuna,https://eybxazurluxacahrqubm.supabase.co/storage/v1/object/public/species-images/59965852-0d24-4629-9d30-c520f3779220-1777563818781.png,2026-04-29 19:54:17.199+00,,,,5,22,28,peaceful,top/middle,,Smallest and most peaceful gourami. Beautiful gold color.,2026-04-30 15:43:35.518925+00,fish,10,6,7.5,beginner,
5a3fca8f-9d12-4c1c-948e-bb7b952212e9,Cherry Barb,Puntius titteya,https://eybxazurluxacahrqubm.supabase.co/storage/v1/object/public/species-images/5a3fca8f-9d12-4c1c-948e-bb7b952212e9-1777564238898.png,2026-04-29 19:54:17.199+00,,,,5,23,27,peaceful,middle/bottom,,Males turn deep cherry red when breeding.,2026-04-30 15:50:35.924042+00,fish,10,6,7,beginner,
5a414b31-44f6-46ec-b662-6a579dff2959,Malaysian Trumpet Snail,Melanoides tuberculata,https://eybxazurluxacahrqubm.supabase.co/storage/v1/object/public/species-images/5a414b31-44f6-46ec-b662-6a579dff2959-1777563658888.png,2026-04-29 14:16:27.812021+00,,,,3,18,28,peaceful,bottom,,Burrowing snail that aerates substrate and eats leftover food. Mostly nocturnal. Livebearing — population can boom. Great for planted tanks.,2026-04-30 15:40:55.796505+00,invertebrate,1,7.0,8.0,beginner,
61eac027-419c-4fcd-bf37-9c77987eb4b7,Rosy Barb,Pethia conchonius,https://eybxazurluxacahrqubm.supabase.co/storage/v1/object/public/species-images/61eac027-419c-4fcd-bf37-9c77987eb4b7-1777564035725.png,2026-04-29 19:54:17.199+00,,,,15,18,25,peaceful,middle,,Hardy and active. Males turn deep red when breeding.,2026-04-30 15:47:12.497063+00,fish,30,6,8,beginner,
6769ccfd-f0a6-406d-a6f4-266089873b01,Pearl Gourami,Trichopodus leerii,https://eybxazurluxacahrqubm.supabase.co/storage/v1/object/public/species-images/6769ccfd-f0a6-406d-a6f4-266089873b01-1777564002610.png,2026-04-29 19:54:17.199+00,,,,12,24,30,peaceful,top/middle,,One of the most beautiful and peaceful large gouramis.,2026-04-30 15:46:39.578221+00,fish,30,6,8,easy,
6eeefc44-c180-4263-9f7b-015cf5724d38,Duckweed,Lemna minor,https://eybxazurluxacahrqubm.supabase.co/storage/v1/object/public/species-images/6eeefc44-c180-4263-9f7b-015cf5724d38-1777563558433.png,2026-04-29 14:16:27.812021+00,,,,1,10,30,peaceful,,,Tiny floating plant that multiplies explosively. Great nutrient absorber but nearly impossible to eradicate once introduced. You have been warned.,2026-04-30 15:39:15.307911+00,plant,1,5.0,9.0,beginner,
7255d664-1cbf-49dc-b6fa-433ac6cdb1f1,Molly,Poecilia sphenops,https://eybxazurluxacahrqubm.supabase.co/storage/v1/object/public/species-images/7255d664-1cbf-49dc-b6fa-433ac6cdb1f1-1777564099442.png,2026-04-29 19:54:17.199+00,,,,12,22,28,peaceful,middle,,Hardy livebearers. Tolerate slightly brackish water.,2026-04-30 15:48:16.516789+00,fish,20,7,8.5,beginner,
737b77c1-1cb9-4327-a671-b9ca1ecacbd6,Common Goldfish,Carassius auratus,https://eybxazurluxacahrqubm.supabase.co/storage/v1/object/public/species-images/737b77c1-1cb9-4327-a671-b9ca1ecacbd6-1777563304432.png,2026-04-29 19:54:17.199+00,,,,30,10,24,peaceful,middle,,Subtropical - needs cooler water and large tank.,2026-04-30 15:35:01.342483+00,fish,40,6,8,beginner,
73d1eb2d-cd54-493a-99da-ed781e9e26ae,Cryptocoryne Parva,Cryptocoryne parva,https://eybxazurluxacahrqubm.supabase.co/storage/v1/object/public/species-images/73d1eb2d-cd54-493a-99da-ed781e9e26ae-1777563476634.png,2026-04-29 14:16:27.812021+00,,,,5,22,28,peaceful,,,Smallest crypt species. Very slow-growing carpeting plant. Needs patience — takes months to fill in. No CO2 required but helps.,2026-04-30 15:37:53.579277+00,plant,5,6.0,7.5,intermediate,
75475c01-5397-4f6c-a682-08db7d1a4870,Clown Loach,Chromobotia macracanthus,https://eybxazurluxacahrqubm.supabase.co/storage/v1/object/public/species-images/75475c01-5397-4f6c-a682-08db7d1a4870-1777564304244.png,2026-04-29 19:54:17.199+00,,,,30,24,30,peaceful,bottom,,Beautiful but grows very large. Needs a huge tank.,2026-04-30 15:51:41.053756+00,fish,100,5,7,intermediate,
75689909-d9f6-4ff5-b939-844efd3a41f8,Elephant Nose Fish,Gnathonemus petersii,https://eybxazurluxacahrqubm.supabase.co/storage/v1/object/public/species-images/75689909-d9f6-4ff5-b939-844efd3a41f8-1777564361852.png,2026-04-29 19:54:17.199+00,,,,25,24,28,semi-aggressive,bottom,,Highly intelligent. Uses weak electric fields to sense.,2026-04-30 15:52:38.861533+00,fish,50,6,7.5,advanced,
7b467355-c687-4422-b04c-1bef7c969054,Java Fern,Leptochilus pteropus,https://eybxazurluxacahrqubm.supabase.co/storage/v1/object/public/species-images/7b467355-c687-4422-b04c-1bef7c969054-1777563726277.png,2026-04-29 19:54:17.199+00,,,,30,20,28,peaceful,,,Bulletproof epiphyte. Do not bury rhizome.,2026-04-30 15:42:03.146992+00,plant,5,6,7.5,beginner,
7de5bafd-1d01-4476-9fac-d935d9f2d38b,Dwarf Gourami,Trichogaster lalius,https://eybxazurluxacahrqubm.supabase.co/storage/v1/object/public/species-images/7de5bafd-1d01-4476-9fac-d935d9f2d38b-1777563858243.png,2026-04-29 19:54:17.199+00,,,,8,22,28,peaceful,top/middle,,Stunning colors but can be prone to iridovirus.,2026-04-30 15:44:15.101748+00,fish,10,6,7.5,beginner,
7e2738dd-9fdd-4069-96d1-1c90448bd9a2,"orange ",Acanthurus olivaceus,https://eybxazurluxacahrqubm.supabase.co/storage/v1/object/public/species-images/sync-7e2738dd-9fdd-4069-96d1-1c90448bd9a2-1777578812416.png,2026-04-30 15:53:00.59213+00,4744,Acanthurus,olivaceus,35,20,25,,,,Global ID: 4744,2026-04-30 19:53:32.699892+00,fish,,6,7.5,,
8079a0c2-f32e-4248-a1a1-ea725ef94728,Green Swordtail,Xiphophorus hellerii,https://eybxazurluxacahrqubm.supabase.co/storage/v1/object/public/species-images/8079a0c2-f32e-4248-a1a1-ea725ef94728-1777564072927.png,2026-04-29 19:54:17.199+00,,,,14,22,28,peaceful,middle,,Males have elongated lower tail sword.,2026-04-30 15:47:49.851617+00,fish,20,7,8.4,beginner,
825da5b4-a84c-4edc-b435-bad6c594b175,Amazon Sword,Echinodorus spp.,https://eybxazurluxacahrqubm.supabase.co/storage/v1/object/public/species-images/825da5b4-a84c-4edc-b435-bad6c594b175-1777563752924.png,2026-04-29 19:54:17.199+00,,,,50,22,28,peaceful,,,Large rosette plant. Heavy root feeder.,2026-04-30 15:42:29.722893+00,plant,20,6.5,7.5,beginner,
83323918-8c3f-4425-99fe-5dc300610792,White Cloud Mountain Minnow,Tanichthys albonubes,https://eybxazurluxacahrqubm.supabase.co/storage/v1/object/public/species-images/83323918-8c3f-4425-99fe-5dc300610792-1777564123424.png,2026-04-29 19:54:17.199+00,,,,4,15,22,peaceful,top/middle,,Subtropical coldwater fish - no heater needed.,2026-04-30 15:48:40.152339+00,fish,10,6,8,beginner,
84b2da2d-c292-4964-9b09-f18bd44fd309,neon b,Red neon blue-eye,https://eybxazurluxacahrqubm.supabase.co/storage/v1/object/public/species-images/import-1777577704915-red-neon-blue-eye.png,2026-04-30 19:35:05.694113+00,69397,Red,neon blue-eye,1.9,,,peaceful,,,Global ID: 69397,2026-04-30 19:35:05.694113+00,fish,,,,beginner,omnivore
85da1bc6-c56f-437f-a0c4-a6e55e00b1f7,Southern Platy,Xiphophorus maculatus,https://eybxazurluxacahrqubm.supabase.co/storage/v1/object/public/species-images/85da1bc6-c56f-437f-a0c4-a6e55e00b1f7-1777564085767.png,2026-04-29 19:54:17.199+00,,,,7,20,26,peaceful,middle,,"Cheerful, easy livebearers in many colors.",2026-04-30 15:48:02.967592+00,fish,10,7,8,beginner,
88eb2872-e74a-46df-b68c-871bf491c55a,Anubias Barteri,Anubias barteri,https://eybxazurluxacahrqubm.supabase.co/storage/v1/object/public/species-images/88eb2872-e74a-46df-b68c-871bf491c55a-1777563455145.png,2026-04-29 14:16:27.812021+00,,,,25,22,28,peaceful,,,"Slow-growing, nearly indestructible. Attach to hardscape — never bury rhizome. Prone to algae on leaves in high light.",2026-04-30 15:37:32.161765+00,plant,5,6.0,7.5,beginner,
8971fc2e-75bd-4a17-a799-84aff2d7fa9e,Endlers Livebearer,Poecilia wingei,https://eybxazurluxacahrqubm.supabase.co/storage/v1/object/public/species-images/8971fc2e-75bd-4a17-a799-84aff2d7fa9e-1777563698709.png,2026-04-29 19:54:17.199+00,,,,4,24,30,peaceful,top/middle,,"Tiny, vivid cousin of the guppy.",2026-04-30 15:41:35.703147+00,fish,5,7,8.5,beginner,
8ada1374-00e9-4feb-873b-365b3400946a,Apistogramma,Apistogramma spp.,https://eybxazurluxacahrqubm.supabase.co/storage/v1/object/public/species-images/8ada1374-00e9-4feb-873b-365b3400946a-1777563291116.png,2026-04-29 14:16:27.812021+00,,,,8,24,29,semi-aggressive,bottom/middle,,"Colorful dwarf cichlids. Males are territorial. Need soft, acidic water and a well-planted tank with caves. Many beautiful species.",2026-04-30 15:34:47.892092+00,fish,20,5.0,7.0,intermediate,
8c90777c-8e1e-4daa-82ef-9963a34a9a6f,Amazon Frogbit,Limnobium laevigatum,https://eybxazurluxacahrqubm.supabase.co/storage/v1/object/public/species-images/8c90777c-8e1e-4daa-82ef-9963a34a9a6f-1777563570671.png,2026-04-29 14:16:27.812021+00,,,,5,22,28,peaceful,,,Floating plant with round leaves and long roots. Provides shade and cover. Absorbs excess nutrients. Keep surface movement low.,2026-04-30 15:39:28.035162+00,plant,5,6.0,7.5,beginner,
8ca8c53c-cc03-4f92-82b3-00387d3f1781,Sailfin Molly,Poecilia velifera,https://eybxazurluxacahrqubm.supabase.co/storage/v1/object/public/species-images/8ca8c53c-cc03-4f92-82b3-00387d3f1781-1777563174399.png,2026-04-29 14:16:27.812021+00,,,,15,24,28,peaceful,middle,,Larger molly with spectacular dorsal sail in males. Appreciates some salt in water. Needs more space than common mollies.,2026-04-30 15:32:51.293236+00,fish,30,7.5,8.5,easy,
8cfc6eaa-767b-40a7-be87-bd39e3593bd7,Ngarara,Ablennes hians,https://eybxazurluxacahrqubm.supabase.co/storage/v1/object/public/species-images/sync-8cfc6eaa-767b-40a7-be87-bd39e3593bd7-1777578142472.png,2026-04-30 17:04:06.444292+00,972,Ablennes,hians,140,20,25,,,,Global ID: 972,2026-04-30 19:42:22.892298+00,fish,,6,7.5,,
8e70761f-23e5-41b0-9cc8-0be6545b5a42,Scissortail Rasbora,Rasbora trilineata,https://eybxazurluxacahrqubm.supabase.co/storage/v1/object/public/species-images/8e70761f-23e5-41b0-9cc8-0be6545b5a42-1777563226977.png,2026-04-29 14:16:27.812021+00,,,,15,22,26,peaceful,middle/top,,Larger rasbora with distinctive forked tail markings. Active swimmer needing a long tank. Hardy and peaceful.,2026-04-30 15:33:44.381927+00,fish,30,6.0,7.5,beginner,
8f1a1981-9242-4538-96a1-1ffea01393b0,Super Aloy,Auxis thazard,https://eybxazurluxacahrqubm.supabase.co/storage/v1/object/public/species-images/sync-8f1a1981-9242-4538-96a1-1ffea01393b0-1777578176792.png,2026-04-30 17:54:06.308573+00,94,Auxis,thazard,65,20,25,,,,Global ID: 94,2026-04-30 19:42:57.294936+00,fish,,6,7.5,,
8f8b128f-3ba7-4a1a-9741-1eed406a6058,Vallisneria,Vallisneria spiralis,https://eybxazurluxacahrqubm.supabase.co/storage/v1/object/public/species-images/8f8b128f-3ba7-4a1a-9741-1eed406a6058-1777563488005.png,2026-04-29 14:16:27.812021+00,,,,60,18,28,peaceful,,,"Tall, grass-like background plant. Sends out runners rapidly. Very easy — just plant and watch it spread. Dislikes liquid carbon products.",2026-04-30 15:38:04.921858+00,plant,10,6.5,8.5,beginner,
8fd08567-6d2b-4baa-8a14-4f314b61e9d4,Cryptocoryne Wendtii,Cryptocoryne wendtii,https://eybxazurluxacahrqubm.supabase.co/storage/v1/object/public/species-images/8fd08567-6d2b-4baa-8a14-4f314b61e9d4-1777563466169.png,2026-04-29 14:16:27.812021+00,,,,20,22,28,peaceful,,,"Versatile crypt in green, red, and brown varieties. May ""melt"" when transplanted but recovers from roots. Low-tech staple.",2026-04-30 15:37:43.019209+00,plant,5,6.0,8.0,beginner,
915fe9ab-8861-45a3-9cf4-ad62b4214f16,Siamese Algae Eater,Crossocheilus oblongus,https://eybxazurluxacahrqubm.supabase.co/storage/v1/object/public/species-images/915fe9ab-8861-45a3-9cf4-ad62b4214f16-1777563845158.png,2026-04-29 19:54:17.199+00,,,,15,24,26,peaceful,bottom/middle,,One of the only fish that eats black beard algae.,2026-04-30 15:44:02.041803+00,fish,30,6.5,7.5,easy,
91805e78-084b-4765-9092-c23c018416f2,"red devil    ",Amphilophus citrinellus,https://eybxazurluxacahrqubm.supabase.co/storage/v1/object/public/species-images/sync-91805e78-084b-4765-9092-c23c018416f2-1777578244520.png,2026-04-30 16:19:06.043527+00,4786,Amphilophus,citrinellus,24.4,20,25,,,,Global ID: 4786,2026-04-30 19:44:04.888076+00,fish,,6,7.5,,
91e9925e-0644-4d0f-b364-0c44fd18f7db,Bristlenose Pleco,Ancistrus spp.,https://eybxazurluxacahrqubm.supabase.co/storage/v1/object/public/species-images/91e9925e-0644-4d0f-b364-0c44fd18f7db-1777564188915.png,2026-04-29 19:54:17.199+00,,,,13,23,27,peaceful,bottom,,Best algae eater for most tanks. Needs driftwood.,2026-04-30 15:49:45.942178+00,fish,25,6,7.5,beginner,
950bb6e2-7eda-4a73-8c54-6ce792db1e59,Otocinclus Catfish,Otocinclus spp.,https://eybxazurluxacahrqubm.supabase.co/storage/v1/object/public/species-images/950bb6e2-7eda-4a73-8c54-6ce792db1e59-1777564201968.png,2026-04-29 19:54:17.199+00,,,,5,22,27,peaceful,bottom,,"Tiny, gentle algae grazer. Keep in groups.",2026-04-30 15:49:58.76366+00,fish,10,6,7.5,intermediate,
9570be7f-b766-491b-8d3f-c3eccb6a9ebf,Comet Goldfish,Carassius auratus (comet),https://eybxazurluxacahrqubm.supabase.co/storage/v1/object/public/species-images/9570be7f-b766-491b-8d3f-c3eccb6a9ebf-1777563266969.png,2026-04-29 14:16:27.812021+00,,,,30,10,24,peaceful,middle,,"Sleek, long-tailed goldfish variety. Faster swimmer than fancies. Needs large tank or pond. Do NOT keep in bowls.",2026-04-30 15:34:23.715465+00,fish,55,6.0,8.0,beginner,
97610de5-2837-40af-9135-0fb9273ebfc0,"bitterling ",Deepbody bitterling,https://eybxazurluxacahrqubm.supabase.co/storage/v1/object/public/species-images/97610de5-2837-40af-9135-0fb9273ebfc0-1777564060686.png,2026-04-29 21:05:40.713602+00,4892,Deepbody,bitterling,10,22,26,,,,Global record found via text search fallback.,2026-04-30 15:47:37.867769+00,fish,,,,,
97eb6839-b64a-4863-b2fc-c3a40f46ed50,Giant Vallisneria,Vallisneria americana,https://eybxazurluxacahrqubm.supabase.co/storage/v1/object/public/species-images/97eb6839-b64a-4863-b2fc-c3a40f46ed50-1777563500350.png,2026-04-29 14:16:27.812021+00,,,,100,18,28,peaceful,,,Very tall background plant with ribbon-like leaves. Can reach the surface of deep tanks. Spreads aggressively via runners.,2026-04-30 15:38:17.335024+00,plant,20,6.5,8.5,beginner,
98499878-9dab-42e1-84ac-1ed64aa69436,Bolivian Ram,Mikrogeophagus altispinosus,https://eybxazurluxacahrqubm.supabase.co/storage/v1/object/public/species-images/98499878-9dab-42e1-84ac-1ed64aa69436-1777564347038.png,2026-04-29 19:54:17.199+00,,,,8,22,26,peaceful,bottom/middle,,Hardier and less aggressive than German Blue Rams.,2026-04-30 15:52:23.898558+00,fish,30,6,7.5,easy,
9903c7f9-2d21-4b89-a12c-63265a65c7e5,Kuhli Loach,Pangio kuhlii,https://eybxazurluxacahrqubm.supabase.co/storage/v1/object/public/species-images/9903c7f9-2d21-4b89-a12c-63265a65c7e5-1777563805386.png,2026-04-29 19:54:17.199+00,,,,10,24,30,peaceful,bottom,,Eel-like loach that hides during the day. Best in groups.,2026-04-30 15:43:22.376624+00,fish,20,5.5,7,easy,
9c8eadf1-ccc6-440c-917c-86e0e4a783d8,Betta / Siamese Fighting Fish,Betta splendens,https://eybxazurluxacahrqubm.supabase.co/storage/v1/object/public/species-images/9c8eadf1-ccc6-440c-917c-86e0e4a783d8-1777563240633.png,2026-04-29 19:54:17.199+00,,,,6,24,30,semi-aggressive,top/middle,,Males are territorial and must be kept singly.,2026-04-30 15:33:57.769023+00,fish,5,6,8,beginner,
9fed4b24-b489-47fa-8378-1dcc5f785e1b,Zebra Pleco,Hypancistrus zebra,https://eybxazurluxacahrqubm.supabase.co/storage/v1/object/public/species-images/9fed4b24-b489-47fa-8378-1dcc5f785e1b-1777563977998.png,2026-04-29 16:42:52.762016+00,,,,8,26,30,peaceful,bottom,,,2026-04-30 15:46:14.779602+00,fish,20,6.0,7.5,advanced,
a222b298-7d0f-4755-b11d-325139376edf,Flame Moss,"Taxiphyllum sp. ""flame""",https://eybxazurluxacahrqubm.supabase.co/storage/v1/object/public/species-images/a222b298-7d0f-4755-b11d-325139376edf-1777563608865.png,2026-04-29 14:16:27.812021+00,,,,8,20,28,peaceful,,,Grows upright in flame-like pattern. Unique texture for aquascaping. Attach to vertical surfaces for best effect.,2026-04-30 15:40:05.687856+00,plant,1,5.5,7.5,easy,
a6ba5a8b-c995-4ec8-9ecd-9c4561a3f0e0,Gardneri Killifish,Fundulopanchax gardneri,https://eybxazurluxacahrqubm.supabase.co/storage/v1/object/public/species-images/a6ba5a8b-c995-4ec8-9ecd-9c4561a3f0e0-1777563384322.png,2026-04-29 14:16:27.812021+00,,,,6,22,26,semi-aggressive,top/middle,,Brilliantly colored killifish. Males are stunning blue/red. Can be jumpy — tight-fitting lid essential. Males territorial.,2026-04-30 15:36:21.206745+00,fish,10,6.0,7.5,intermediate,
ad13a349-69b5-4a79-9cbf-9185cc544f17,Freshwater Angelfish,Pterophyllum scalare,https://eybxazurluxacahrqubm.supabase.co/storage/v1/object/public/species-images/ad13a349-69b5-4a79-9cbf-9185cc544f17-1777564213749.png,2026-04-29 19:54:17.199+00,,,,15,24,30,semi-aggressive,middle,,"Elegant, tall-bodied cichlid.",2026-04-30 15:50:10.758145+00,fish,30,6,7.5,easy,
aeed28ca-f16d-470f-9481-236e1230c77c,Water Wisteria,Hygrophila difformis,https://eybxazurluxacahrqubm.supabase.co/storage/v1/object/public/species-images/aeed28ca-f16d-470f-9481-236e1230c77c-1777563511204.png,2026-04-29 14:16:27.812021+00,,,,50,24,28,peaceful,,,Fast-growing stem plant with lacy leaves. Changes leaf shape depending on emersed/submersed growth. Excellent nutrient sponge.,2026-04-30 15:38:27.988023+00,plant,10,6.5,7.5,beginner,
af05418d-4703-44c9-a9cf-f09a080ca5bd,Threadfin Rainbowfish,Iriatherina werneri,https://eybxazurluxacahrqubm.supabase.co/storage/v1/object/public/species-images/af05418d-4703-44c9-a9cf-f09a080ca5bd-1777563355765.png,2026-04-29 14:16:27.812021+00,,,,5,24,28,peaceful,middle/top,,Delicate nano rainbow with thread-like fin extensions. Peaceful and shy — keep with gentle tankmates only.,2026-04-30 15:35:52.789281+00,fish,10,5.5,7.5,intermediate,
b1408d60-e2cd-47e7-ae1e-397f101c3299,Congo Tetra,Phenacogrammus interruptus,https://eybxazurluxacahrqubm.supabase.co/storage/v1/object/public/species-images/b1408d60-e2cd-47e7-ae1e-397f101c3299-1777564020492.png,2026-04-29 19:54:17.199+00,,,,8,23,28,peaceful,middle,,Stunning iridescent scales and long fins on males.,2026-04-30 15:46:57.442624+00,fish,30,6,7.5,easy,
b1ef5bf6-26e9-4fdd-9936-6ac7612e444d,Greenstreaked,Biotodoma cupido,https://eybxazurluxacahrqubm.supabase.co/storage/v1/object/public/species-images/b1ef5bf6-26e9-4fdd-9936-6ac7612e444d-1777564147119.png,2026-04-29 21:25:11.206225+00,12291,Biotodoma,cupido,15,20,25,,,,Global ID: 12291,2026-04-30 15:49:04.171019+00,fish,,6,7.5,,
b1f43952-2508-4b3c-b687-baf176419673,Red-Tailed Black Shark,Epalzeorhynchos bicolor,https://eybxazurluxacahrqubm.supabase.co/storage/v1/object/public/species-images/b1f43952-2508-4b3c-b687-baf176419673-1777563395589.png,2026-04-29 14:16:27.812021+00,,,,15,22,27,aggressive,bottom/middle,,Striking jet-black body with vivid red tail. Highly territorial — one per tank. Chases similar-looking fish aggressively.,2026-04-30 15:36:32.417777+00,fish,55,6.5,7.5,intermediate,
b20ad6db-45bd-4806-a6f7-72690f1d9ec8,Axelrod,Chilatherina axelrodi,https://eybxazurluxacahrqubm.supabase.co/storage/v1/object/public/species-images/b20ad6db-45bd-4806-a6f7-72690f1d9ec8-1777564264689.png,2026-04-30 03:27:16.03411+00,25595,Chilatherina,axelrodi,7,20,25,,,,Global ID: 25595,2026-04-30 15:51:01.667705+00,fish,,6,7.5,,
b56e550b-16c5-4c41-a494-3af357e18254,Bronze Corydoras,Corydoras aeneus,https://eybxazurluxacahrqubm.supabase.co/storage/v1/object/public/species-images/b56e550b-16c5-4c41-a494-3af357e18254-1777564175844.png,2026-04-29 19:54:17.199+00,,,,7,22,27,peaceful,bottom,,Armored catfish that schools along the bottom.,2026-04-30 15:49:32.834213+00,fish,15,6,8,beginner,
b8b66f4a-db0e-4264-8e3c-91ff6b9b490c,Celestial Pearl Danio,Danio margaritatus,https://eybxazurluxacahrqubm.supabase.co/storage/v1/object/public/species-images/b8b66f4a-db0e-4264-8e3c-91ff6b9b490c-1777563950739.png,2026-04-29 16:42:52.762016+00,,,,2.5,20,24,peaceful,middle,,,2026-04-30 15:45:47.741213+00,fish,10,6.5,7.5,intermediate,
bd82bb1d-c63f-4a9c-bf50-98131bb65f24,Nerite Snail,Neritina spp.,https://eybxazurluxacahrqubm.supabase.co/storage/v1/object/public/species-images/bd82bb1d-c63f-4a9c-bf50-98131bb65f24-1777563777538.png,2026-04-29 19:54:17.199+00,,,,3,22,28,peaceful,bottom,,Best algae-eating snail. Won't breed in freshwater.,2026-04-30 15:42:54.358746+00,invertebrate,5,7,8.5,beginner,
c05665c6-62ab-46ee-ba0a-ecc1458a0af1,Boesemani Rainbowfish,Melanotaenia boesemani,https://eybxazurluxacahrqubm.supabase.co/storage/v1/object/public/species-images/c05665c6-62ab-46ee-ba0a-ecc1458a0af1-1777563671236.png,2026-04-29 19:54:17.199+00,,,,12,24,28,peaceful,middle/top,,Split blue/orange coloring. Very active.,2026-04-30 15:41:08.09221+00,fish,30,7,8,intermediate,
c1b65858-402d-4c42-8a09-03bb569f2b01,Clown Killifish,Epiplatys annulatus,https://eybxazurluxacahrqubm.supabase.co/storage/v1/object/public/species-images/c1b65858-402d-4c42-8a09-03bb569f2b01-1777563370854.png,2026-04-29 14:16:27.812021+00,,,,4,23,27,peaceful,top,,Tiny surface-dwelling killifish with rocket-shaped tail. Beautiful micro predator. Great for nano planted tanks.,2026-04-30 15:36:07.619127+00,fish,5,6.0,7.0,intermediate,
c2544901-ee24-4dc6-ac10-cfb7b0d954f5,Harlequin Rasbora,Trigonostigma heteromorpha,https://eybxazurluxacahrqubm.supabase.co/storage/v1/object/public/species-images/c2544901-ee24-4dc6-ac10-cfb7b0d954f5-1777564225772.png,2026-04-29 19:54:17.199+00,,,,5,22,28,peaceful,middle,,Elegant orange-pink body with black wedge marking.,2026-04-30 15:50:22.529553+00,fish,10,6,7.5,beginner,
c4d8965b-3c75-4198-a6bf-5508b9638e98,Christmas Moss,Vesicularia montagnei,https://eybxazurluxacahrqubm.supabase.co/storage/v1/object/public/species-images/c4d8965b-3c75-4198-a6bf-5508b9638e98-1777563594463.png,2026-04-29 14:16:27.812021+00,,,,8,20,28,peaceful,,,Triangular frond pattern resembling Christmas tree branches. Great on mesh for walls or carpets. Slightly more demanding than Java Moss.,2026-04-30 15:39:51.498786+00,plant,1,5.5,7.5,easy,
c7790edc-78cb-46ec-ae4e-cdffcbcf1409,Orange-striped goby,Amblygobius decussatus,https://eybxazurluxacahrqubm.supabase.co/storage/v1/object/public/species-images/sync-c7790edc-78cb-46ec-ae4e-cdffcbcf1409-1777578826553.png,2026-04-30 16:03:06.807525+00,7197,Amblygobius,decussatus,9.5,20,25,,,,Global ID: 7197,2026-04-30 19:53:46.884216+00,fish,,6,7.5,,
cdbd0805-1890-42b9-9bf0-d14418e6c278,Bucephalandra,Bucephalandra spp.,https://eybxazurluxacahrqubm.supabase.co/storage/v1/object/public/species-images/cdbd0805-1890-42b9-9bf0-d14418e6c278-1777563583814.png,2026-04-29 14:16:27.812021+00,,,,10,22,28,peaceful,,,Slow-growing rheophyte with metallic sheen on leaves. Attach to hardscape like Anubias. Many rare and collectible varieties.,2026-04-30 15:39:40.595225+00,plant,5,5.5,7.5,intermediate,
d254bab5-d0bf-41b4-ba11-05cf3b63b5a5,Ramshorn Snail,Planorbella duryi,https://eybxazurluxacahrqubm.supabase.co/storage/v1/object/public/species-images/d254bab5-d0bf-41b4-ba11-05cf3b63b5a5-1777563632501.png,2026-04-29 14:16:27.812021+00,,,,3,18,28,peaceful,bottom,,"Flat spiral-shelled snail in red, blue, and leopard varieties. Can reproduce quickly — some see them as pests, others love them.",2026-04-30 15:40:29.372908+00,invertebrate,1,7.0,8.0,beginner,
d27d013b-794b-494a-9ec3-e0fae441dca2,Anubias Nana,Anubias barteri var. nana,https://eybxazurluxacahrqubm.supabase.co/storage/v1/object/public/species-images/d27d013b-794b-494a-9ec3-e0fae441dca2-1777563739447.png,2026-04-29 19:54:17.199+00,,,,12,22,28,peaceful,,,Compact and nearly indestructible.,2026-04-30 15:42:16.405367+00,plant,5,6,7.5,beginner,
d49a01de-3c3d-4408-958a-7cb45407cb85,"orange  ",Apistogramma viejita,https://eybxazurluxacahrqubm.supabase.co/storage/v1/object/public/species-images/sync-d49a01de-3c3d-4408-958a-7cb45407cb85-1777578841335.png,2026-04-30 16:14:58.379538+00,46716,Apistogramma,viejita,3,20,25,,,,Global ID: 46716,2026-04-30 19:54:01.73921+00,fish,,6,7.5,,
d508548f-0d7b-4b4f-b7c6-c89d9cd5f9d8,Peppered Corydoras,Corydoras paleatus,https://eybxazurluxacahrqubm.supabase.co/storage/v1/object/public/species-images/d508548f-0d7b-4b4f-b7c6-c89d9cd5f9d8-1777563186167.png,2026-04-29 14:16:27.812021+00,,,,7,18,25,peaceful,bottom,,Hardy coldwater-tolerant cory. Spotted pattern. One of the easiest corydoras species. Prefers cooler water than most tropicals.,2026-04-30 15:33:03.070963+00,fish,15,6.0,7.5,beginner,
d6035040-1fad-466d-a628-21cb876e3181,Serpae Tetra,Hyphessobrycon eques,https://eybxazurluxacahrqubm.supabase.co/storage/v1/object/public/species-images/d6035040-1fad-466d-a628-21cb876e3181-1777564292143.png,2026-04-29 19:54:17.199+00,,,,4,22,26,semi-aggressive,middle,,Vibrant red but can be nippy if not in a large group.,2026-04-30 15:51:28.871635+00,fish,20,5,7.5,easy,
d66f8280-cdf5-4b07-9e96-223c156b6428,Zebra Danio,Danio rerio,https://eybxazurluxacahrqubm.supabase.co/storage/v1/object/public/species-images/d66f8280-cdf5-4b07-9e96-223c156b6428-1777564160720.png,2026-04-29 19:54:17.199+00,,,,5,18,26,peaceful,top/middle,,Extremely hardy striped fish. Very active.,2026-04-30 15:49:17.592954+00,fish,10,6,8,beginner,
d800e796-939c-40cb-ad85-cf345f589f1e,Cardinal Tetra,Paracheirodon axelrodi,https://eybxazurluxacahrqubm.supabase.co/storage/v1/object/public/species-images/d800e796-939c-40cb-ad85-cf345f589f1e-1777564111459.png,2026-04-29 19:54:17.199+00,,,,5,23,28,peaceful,middle,,Similar to neons but with full-length red stripe.,2026-04-30 15:48:28.251254+00,fish,10,5,7,easy,
e1611eca-f0c0-4877-a755-e65836b0ac6c,Jack Dempsey Cichlid,Rocio octofasciata,https://eybxazurluxacahrqubm.supabase.co/storage/v1/object/public/species-images/e1611eca-f0c0-4877-a755-e65836b0ac6c-1777563430048.png,2026-04-29 14:16:27.812021+00,,,,25,22,28,aggressive,middle/bottom,,Beautiful iridescent spots on dark body. Named after the boxer — appropriately aggressive. Electric Blue variant is popular.,2026-04-30 15:37:06.826766+00,fish,55,6.5,8.0,intermediate,
e2bbb4b2-bc4b-4d48-afab-90d143f66192,Amano Shrimp,Caridina multidentata,https://eybxazurluxacahrqubm.supabase.co/storage/v1/object/public/species-images/e2bbb4b2-bc4b-4d48-afab-90d143f66192-1777563765877.png,2026-04-29 19:54:17.199+00,,,,5,20,28,peaceful,bottom,,The best algae-eating shrimp.,2026-04-30 15:42:42.920235+00,invertebrate,10,6.5,7.5,beginner,
e2ee03d8-1157-46db-8bc8-db56c7bc8dd9,Bleeding Heart Tetra,Hyphessobrycon erythrostigma,https://eybxazurluxacahrqubm.supabase.co/storage/v1/object/public/species-images/e2ee03d8-1157-46db-8bc8-db56c7bc8dd9-1777563213119.png,2026-04-29 14:16:27.812021+00,,,,8,23,28,peaceful,middle,,"Deep-bodied tetra with distinctive red ""heart"" spot. Prefers soft water and subdued lighting. School of 6+.",2026-04-30 15:33:29.909158+00,fish,20,6.0,7.0,easy,
e67d83b0-516c-4a7e-be8a-0c3938c1b0c1,Orange-socket surgeonfish,Acanthurus auranticavus,https://eybxazurluxacahrqubm.supabase.co/storage/v1/object/public/species-images/sync-e67d83b0-516c-4a7e-be8a-0c3938c1b0c1-1777578797952.png,2026-04-30 15:47:03.373474+00,4748,Acanthurus,auranticavus,45,20,25,,,,Global ID: 4748,2026-04-30 19:53:18.472305+00,fish,,6,7.5,,
e91612a3-b38e-47d1-a825-56fa5c15744f,Hatchetfish,Gasteropelecidae spp.,https://eybxazurluxacahrqubm.supabase.co/storage/v1/object/public/species-images/e91612a3-b38e-47d1-a825-56fa5c15744f-1777564314474.png,2026-04-29 19:54:17.199+00,,,,5,24,28,peaceful,top,,Lives strictly at the surface. Incredible jumpers!,2026-04-30 15:51:51.336695+00,fish,20,6,7.5,intermediate,
ec41cba6-133f-44fb-8425-0f8ef32cf9c1,Bitterling,Kinesisk bitterling,https://eybxazurluxacahrqubm.supabase.co/storage/v1/object/public/species-images/ec41cba6-133f-44fb-8425-0f8ef32cf9c1-1777564049038.png,2026-04-29 21:04:45.642312+00,9652,Kinesisk,bitterling,10,22,26,,,,Global record found via text search fallback.,2026-04-30 15:47:25.916074+00,fish,,,,,
ecb150d9-4a8a-4f43-a8bd-ccd921a8a906,Fantail Goldfish,Carassius auratus (fantail),https://eybxazurluxacahrqubm.supabase.co/storage/v1/object/public/species-images/ecb150d9-4a8a-4f43-a8bd-ccd921a8a906-1777563278245.png,2026-04-29 14:16:27.812021+00,,,,20,10,24,peaceful,middle,,"Fancy goldfish with double tail. Slower swimmer, keep away from fast fish. Cooler water, high filtration. Do not mix with single-tails.",2026-04-30 15:34:35.037617+00,fish,30,6.0,8.0,easy,
ee694be0-b67a-4a40-b647-03a00849704f,Discus,Symphysodon spp.,https://eybxazurluxacahrqubm.supabase.co/storage/v1/object/public/species-images/ee694be0-b67a-4a40-b647-03a00849704f-1777563685094.png,2026-04-29 19:54:17.199+00,,,,20,28,32,peaceful,middle,,The king of the aquarium. Demands pristine water.,2026-04-30 15:41:22.174855+00,fish,55,5.5,7,advanced,
efb66e07-05f7-47ce-9046-4c4d11df16ab,Ghost Shrimp,Palaemonetes paludosus,https://eybxazurluxacahrqubm.supabase.co/storage/v1/object/public/species-images/efb66e07-05f7-47ce-9046-4c4d11df16ab-1777563620899.png,2026-04-29 14:16:27.812021+00,,,,5,18,28,peaceful,bottom,,"Nearly transparent, inexpensive shrimp. Great cleaners and fun to observe eating. Often sold as feeder shrimp but make great pets.",2026-04-30 15:40:17.635045+00,invertebrate,5,7.0,8.0,beginner,
f0a81483-86e6-47e1-acfa-d74c443af124,Orange-fin anemonefish,Amphiprion chrysogaster,https://eybxazurluxacahrqubm.supabase.co/storage/v1/object/public/species-images/sync-f0a81483-86e6-47e1-acfa-d74c443af124-1777578191472.png,2026-04-30 15:52:40.530586+00,11839,Amphiprion,chrysogaster,15,20,25,,,,Global ID: 11839,2026-04-30 19:43:12.179565+00,fish,,6,7.5,,
f1409b81-f213-4df6-8142-f16e102e0092,Water Hyssop,Bacopa monnieri,https://eybxazurluxacahrqubm.supabase.co/storage/v1/object/public/species-images/f1409b81-f213-4df6-8142-f16e102e0092-1777563535783.png,2026-04-29 14:16:27.812021+00,,,,30,22,28,peaceful,,,Upright stem plant with rounded leaves. Very undemanding. Can grow emersed. Also used as an herbal supplement (Brahmi).,2026-04-30 15:38:52.825972+00,plant,5,6.0,8.0,beginner,